{"stats":{"minecraft:picked_up":{"minecraft:bone":1,"minecraft:rotten_flesh":35,"minecraft:slime_ball":13,"minecraft:wither_rose":5,"minecraft:mutton":2,"minecraft:nether_star":1,"minecraft:white_wool":1},"minecraft:used":{"miyaworld:pilot_crystal_block":40,"miyaworld:laputa_core":4,"miyaworld:pilot_block":16,"minecraft:white_wool":23,"minecraft:netherite_sword":6,"miyaworld:metal_wall":14,"minecraft:dirt":111,"miyaworld:opened_metal_wall_core":2,"minecraft:bow":144,"miyaworld:laputa_controller":6,"miyaworld:weak_pilot_block":16,"minecraft:grass_block":16,"miyaworld:solid_metal_wall":4,"minecraft:oak_sapling":1,"miyaworld:cloud_wall":7,"miyaworld:metal_wall_core":13,"miyaworld:giant_robot_ball":13,"minecraft:cave_spider_spawn_egg":37,"minecraft:zombie_spawn_egg":64,"minecraft:bone_meal":2},"minecraft:custom":{"minecraft:time_since_rest":162256,"minecraft:crouch_one_cm":4205,"minecraft:play_one_minute":162256,"minecraft:sprint_one_cm":4415,"minecraft:walk_one_cm":76320,"minecraft:sneak_time":6998,"minecraft:mob_kills":4,"minecraft:drop":1,"minecraft:jump":110,"minecraft:damage_dealt":445,"minecraft:leave_game":41,"minecraft:time_since_death":162256,"minecraft:fly_one_cm":521328},"minecraft:killed":{"minecraft:sheep":2,"miyaworld:giant_robot":2},"minecraft:dropped":{"minecraft:dirt":1}},"DataVersion":2586}