{"stats":{"minecraft:killed":{"minecraft:iron_golem":2,"miyaworld:giant_robot":5,"minecraft:ravager":2},"minecraft:dropped":{"minecraft:glass_bottle":1,"minecraft:nether_star":1},"minecraft:killed_by":{"minecraft:wither":1,"miyaworld:giant_robot":8},"minecraft:custom":{"minecraft:time_since_rest":28,"minecraft:sprint_one_cm":18908,"minecraft:walk_one_cm":191513,"minecraft:damage_taken":3572,"minecraft:damage_absorbed":80,"minecraft:interact_with_anvil":2,"minecraft:mob_kills":9,"minecraft:drop":2,"minecraft:damage_dealt":7289,"minecraft:fly_one_cm":261367,"minecraft:crouch_one_cm":1682,"minecraft:play_one_minute":99926,"minecraft:deaths":14,"minecraft:sneak_time":708,"minecraft:jump":285,"minecraft:leave_game":27,"minecraft:time_since_death":0,"minecraft:fall_one_cm":2764},"minecraft:used":{"minecraft:creeper_spawn_egg":1,"minecraft:ravager_spawn_egg":8,"minecraft:netherite_sword":204,"minecraft:villager_spawn_egg":1,"minecraft:carved_pumpkin":1,"minecraft:iron_block":7,"miyaworld:giant_robot_ball":22,"minecraft:vex_spawn_egg":3,"minecraft:llama_spawn_egg":1,"minecraft:totem_of_undying":1,"minecraft:bedrock":90,"minecraft:potion":4,"minecraft:anvil":1,"minecraft:bow":19,"minecraft:lingering_potion":2,"minecraft:pumpkin":1,"minecraft:pillager_spawn_egg":1,"minecraft:splash_potion":9},"minecraft:picked_up":{"minecraft:lingering_potion":1,"minecraft:netherite_boots":2,"minecraft:stick":5,"minecraft:splash_potion":1,"minecraft:dandelion":3,"minecraft:wither_rose":7,"minecraft:potion":2,"minecraft:bedrock":1,"minecraft:villager_spawn_egg":1,"minecraft:gunpowder":4,"miyaworld:pilot_stone_necklace":1,"minecraft:netherite_leggings":2,"minecraft:dirt":3,"minecraft:oak_trapdoor":1,"minecraft:vex_spawn_egg":1,"minecraft:rotten_flesh":6,"minecraft:bone":4,"minecraft:arrow":67,"minecraft:sugar":2,"minecraft:bow":1,"minecraft:netherite_helmet":1,"minecraft:netherite_sword":2,"minecraft:iron_ingot":15,"minecraft:iron_block":2,"minecraft:saddle":10,"minecraft:ravager_spawn_egg":1,"minecraft:poppy":7,"minecraft:glass_bottle":5,"minecraft:netherite_chestplate":2,"minecraft:glowstone_dust":4,"minecraft:nether_star":5,"miyaworld:giant_robot_ball":2,"minecraft:oxeye_daisy":1}},"DataVersion":2586}