{"stats":{"minecraft:picked_up":{"minecraft:granite":14,"minecraft:iron_ore":1,"minecraft:andesite":1,"minecraft:redstone":13,"minecraft:coal":3,"minecraft:cobblestone":57},"minecraft:custom":{"minecraft:jump":12,"minecraft:time_since_rest":5766,"minecraft:crouch_one_cm":118,"minecraft:play_one_minute":5766,"minecraft:leave_game":1,"minecraft:sprint_one_cm":147,"minecraft:time_since_death":5766,"minecraft:walk_one_cm":6671,"minecraft:sneak_time":53,"minecraft:fly_one_cm":12982},"minecraft:used":{"minecraft:lever":3,"minecraft:potion":1,"minecraft:tnt":80,"minecraft:grass_block":1}},"DataVersion":2586}